feature,importance
num__Age,0.3812245602237181
num__NumOfProducts,0.272454154658752
num__IsActiveMember,0.07350137552089896
num__Balance,0.06818506614330962
num__EngagementProduct,0.0585795373320823
cat__Geography_Germany,0.04975481050742671
num__BalanceSalaryRatio,0.026672475236112613
num__CreditScore,0.019665849620395918
num__EstimatedSalary,0.018560042855456524
num__AgeTenure,0.009019689585095329
cat__Gender_Male,0.006570086285646331
cat__Gender_Female,0.006092946065558957
num__ProductDensity,0.004536635334764767
cat__Geography_France,0.002019954806841746
num__HasCrCard,0.0013015540810865354
num__Tenure,0.0009194715565790256
num__ZeroBalanceFlag,0.0008626603050369059
cat__Geography_Spain,7.912988123756683e-05
